servicio,cod_empresa,empresa,centro_poblado,numero_pqrs,latitude,longitude
ENERGIA,2249,ELECTRIFICADORA DEL CARIBE S.A. E.S.P.,BARRANQUILLA,5009,10.9783195607,-74.8132169683
ENERGIA,2249,ELECTRIFICADORA DEL CARIBE S.A. E.S.P.,VALLEDUPAR,2441,10.4604806696,-73.2593904181
ENERGIA,2249,ELECTRIFICADORA DEL CARIBE S.A. E.S.P.,SANTA MARTA,2438,11.2047725963,-74.2002109893
ENERGIA,2249,ELECTRIFICADORA DEL CARIBE S.A. E.S.P.,CARTAGENA DE INDIAS,2098,10.3849883546,-75.4964264795
ENERGIA,2249,ELECTRIFICADORA DEL CARIBE S.A. E.S.P.,SOLEDAD,1289,10.9101742784,-74.7848339582
ENERGIA,2249,ELECTRIFICADORA DEL CARIBE S.A. E.S.P.,MONTERIA,956,8.75981523965,-75.8732573059
ENERGIA,2249,ELECTRIFICADORA DEL CARIBE S.A. E.S.P.,SINCELEJO,780,9.30233021687,-75.395481772
ENERGIA,2249,ELECTRIFICADORA DEL CARIBE S.A. E.S.P.,RIOHACHA,436,11.5287502128,-72.9114873118
ENERGIA,2249,ELECTRIFICADORA DEL CARIBE S.A. E.S.P.,MAGANGUE,426,9.26381346247,-74.7667304396
ENERGIA,2249,ELECTRIFICADORA DEL CARIBE S.A. E.S.P.,MALAMBO,268,10.856822692,-74.7748637454
ENERGIA,2249,ELECTRIFICADORA DEL CARIBE S.A. E.S.P.,MAICAO,233,11.3783279454,-72.2419044542
ENERGIA,2249,ELECTRIFICADORA DEL CARIBE S.A. E.S.P.,SABANALARGA,210,10.6328326108,-74.9210950072
ENERGIA,2249,ELECTRIFICADORA DEL CARIBE S.A. E.S.P.,TURBACO,203,10.332772802,-75.424409165
ENERGIA,2249,ELECTRIFICADORA DEL CARIBE S.A. E.S.P.,PUERTO COLOMBIA,193,11.022939949,-74.851963055
ENERGIA,2249,ELECTRIFICADORA DEL CARIBE S.A. E.S.P.,GALAPA,165,10.9191614915,-74.8703439389
ENERGIA,2249,ELECTRIFICADORA DEL CARIBE S.A. E.S.P.,FUNDACION,155,10.5140917977,-74.1913417387
ENERGIA,2249,ELECTRIFICADORA DEL CARIBE S.A. E.S.P.,BARANOA,151,10.7948815688,-74.916106093
ENERGIA,2249,ELECTRIFICADORA DEL CARIBE S.A. E.S.P.,COROZAL,150,9.31910061656,-75.2931493701
ENERGIA,2249,ELECTRIFICADORA DEL CARIBE S.A. E.S.P.,SAHAGUN,146,8.94312756605,-75.4459201696
ENERGIA,2249,ELECTRIFICADORA DEL CARIBE S.A. E.S.P.,EL BANCO,143,9.0087359751,-73.9742847149
ENERGIA,2249,ELECTRIFICADORA DEL CARIBE S.A. E.S.P.,CURUMANI,124,9.20181049336,-73.5409854392
ENERGIA,2249,ELECTRIFICADORA DEL CARIBE S.A. E.S.P.,MONTELIBANO,116,7.97377871713,-75.4168167918
ENERGIA,2249,ELECTRIFICADORA DEL CARIBE S.A. E.S.P.,VALLE DE GAIRA,114,11.1729070837,-74.222529668
ENERGIA,2249,ELECTRIFICADORA DEL CARIBE S.A. E.S.P.,CIENAGA,110,11.0066586077,-74.2412855651
ENERGIA,2249,ELECTRIFICADORA DEL CARIBE S.A. E.S.P.,BECERRIL,109,9.70460046236,-73.2791963317
ENERGIA,2249,ELECTRIFICADORA DEL CARIBE S.A. E.S.P.,SANTA CRUZ DE LORICA,90,9.2407803614,-75.8160972268
ENERGIA,2249,ELECTRIFICADORA DEL CARIBE S.A. E.S.P.,LA JAGUA DE IBIRICO,80,9.56388783532,-73.3342269159
ENERGIA,2249,ELECTRIFICADORA DEL CARIBE S.A. E.S.P.,SAN MARCOS,78,8.66194596532,-75.134084767
ENERGIA,2249,ELECTRIFICADORA DEL CARIBE S.A. E.S.P.,BOSCONIA,75,9.975094669,-73.888765758
ENERGIA,2249,ELECTRIFICADORA DEL CARIBE S.A. E.S.P.,PLANETA RICA,69,8.40820221055,-75.5832417103
ENERGIA,2249,ELECTRIFICADORA DEL CARIBE S.A. E.S.P.,SAN JUAN DEL CESAR,66,10.7695782636,-73.0005931272
ENERGIA,2249,ELECTRIFICADORA DEL CARIBE S.A. E.S.P.,PALMAR DE VARELA,62,10.7385825597,-74.7547589307
ENERGIA,2249,ELECTRIFICADORA DEL CARIBE S.A. E.S.P.,CERETE,61,8.88859098259,-75.7961971634
ENERGIA,2249,ELECTRIFICADORA DEL CARIBE S.A. E.S.P.,ROBLES,57,10.3874900073,-73.1713617757
ENERGIA,2249,ELECTRIFICADORA DEL CARIBE S.A. E.S.P.,SANTO TOMAS,56,10.7587230349,-74.7577207286
ENERGIA,2249,ELECTRIFICADORA DEL CARIBE S.A. E.S.P.,AGUSTIN CODAZZI,54,10.040457318,-73.2383965158
ENERGIA,2249,ELECTRIFICADORA DEL CARIBE S.A. E.S.P.,FONSECA,53,10.8866535788,-72.8462546857
ENERGIA,2249,ELECTRIFICADORA DEL CARIBE S.A. E.S.P.,TAGANGA,53,11.2680714168,-74.1884713549
ENERGIA,2249,ELECTRIFICADORA DEL CARIBE S.A. E.S.P.,SABANILLA (MONTE CARMELO),48,11.0416074929,-74.9150680828
ENERGIA,2249,ELECTRIFICADORA DEL CARIBE S.A. E.S.P.,PIVIJAY,47,10.4606939662,-74.6135180767
ENERGIA,2249,ELECTRIFICADORA DEL CARIBE S.A. E.S.P.,PLATO,47,9.79677054749,-74.784684214
ENERGIA,2249,ELECTRIFICADORA DEL CARIBE S.A. E.S.P.,SABANAGRANDE,47,10.7910757719,-74.7585063109
ENERGIA,2249,ELECTRIFICADORA DEL CARIBE S.A. E.S.P.,SANTA CRUZ DE MOMPOX,45,9.24388275745,-74.4278652943
ENERGIA,2249,ELECTRIFICADORA DEL CARIBE S.A. E.S.P.,POLONUEVO,43,10.7771663073,-74.8531024212
ENERGIA,2249,ELECTRIFICADORA DEL CARIBE S.A. E.S.P.,VILLANUEVA,42,10.6088113359,-72.9776225919
ENERGIA,2249,ELECTRIFICADORA DEL CARIBE S.A. E.S.P.,LA LOMA,39,9.61837918961,-73.6006841642
ENERGIA,2249,ELECTRIFICADORA DEL CARIBE S.A. E.S.P.,BUENAVISTA,38,8.22116707849,-75.4808968789
ENERGIA,2249,ELECTRIFICADORA DEL CARIBE S.A. E.S.P.,LA BOQUILLA,38,10.4718051181,-75.4981508977
ENERGIA,2249,ELECTRIFICADORA DEL CARIBE S.A. E.S.P.,ARACATACA,38,10.5897988592,-74.1867609537
ENERGIA,2249,ELECTRIFICADORA DEL CARIBE S.A. E.S.P.,MANAURE BALCON DEL CESAR,38,10.3907748357,-73.0294704117
ENERGIA,2249,ELECTRIFICADORA DEL CARIBE S.A. E.S.P.,SANTA ROSA DEL SUR,37,7.96287055719,-74.0518401571
ENERGIA,2249,ELECTRIFICADORA DEL CARIBE S.A. E.S.P.,COVE?AS,37,9.4028636807,-75.6800839749
ENERGIA,2249,ELECTRIFICADORA DEL CARIBE S.A. E.S.P.,ARJONA,36,10.256630539,-75.3444876588
ENERGIA,2249,ELECTRIFICADORA DEL CARIBE S.A. E.S.P.,EL RETEN,36,10.6106681998,-74.2684546741
ENERGIA,2249,ELECTRIFICADORA DEL CARIBE S.A. E.S.P.,SAN DIEGO,35,10.333031354,-73.1812177024
ENERGIA,2249,ELECTRIFICADORA DEL CARIBE S.A. E.S.P.,SAMPUES,35,9.18312851604,-75.3802942192
ENERGIA,2249,ELECTRIFICADORA DEL CARIBE S.A. E.S.P.,JUAN DE ACOSTA,34,10.8323387608,-75.0406070886
ENERGIA,2249,ELECTRIFICADORA DEL CARIBE S.A. E.S.P.,GUAMAL,34,9.14438638111,-74.2236997384
ENERGIA,2249,ELECTRIFICADORA DEL CARIBE S.A. E.S.P.,PUEBLO NUEVO,26,8.50400390305,-75.5079697769
ENERGIA,2249,ELECTRIFICADORA DEL CARIBE S.A. E.S.P.,EL PASO,26,9.66847095606,-73.741788511
ENERGIA,2249,ELECTRIFICADORA DEL CARIBE S.A. E.S.P.,AYAPEL,26,8.31444592737,-75.1462884773
ENERGIA,2249,ELECTRIFICADORA DEL CARIBE S.A. E.S.P.,EL COPEY,26,10.1495254704,-73.9627178522
ENERGIA,2249,ELECTRIFICADORA DEL CARIBE S.A. E.S.P.,SINCE,25,9.24419660827,-75.1460313941
ENERGIA,2249,ELECTRIFICADORA DEL CARIBE S.A. E.S.P.,SAN ONOFRE,24,9.7369328609,-75.5230283613
ENERGIA,2249,ELECTRIFICADORA DEL CARIBE S.A. E.S.P.,EL DIFICIL,24,9.84705461368,-74.2364991914
ENERGIA,2249,ELECTRIFICADORA DEL CARIBE S.A. E.S.P.,SALGAR,23,11.018185006,-74.933842725
ENERGIA,2249,ELECTRIFICADORA DEL CARIBE S.A. E.S.P.,PAILITAS,23,8.95939949775,-73.6257673178
ENERGIA,2249,ELECTRIFICADORA DEL CARIBE S.A. E.S.P.,TIERRALTA,22,8.17037997285,-76.0596965689
ENERGIA,2249,ELECTRIFICADORA DEL CARIBE S.A. E.S.P.,BONDA,22,11.2339222099,-74.1278660397
ENERGIA,2249,ELECTRIFICADORA DEL CARIBE S.A. E.S.P.,LA AGUADA,22,10.8623907494,-74.8457983184
ENERGIA,2249,ELECTRIFICADORA DEL CARIBE S.A. E.S.P.,MORROA,22,9.33132173665,-75.306200083
ENERGIA,2249,ELECTRIFICADORA DEL CARIBE S.A. E.S.P.,GALERAS,21,9.15967339965,-75.0494186572
ENERGIA,2249,ELECTRIFICADORA DEL CARIBE S.A. E.S.P.,SANTIAGO DE TOLU,20,9.52547457425,-75.5811043366
ENERGIA,2249,ELECTRIFICADORA DEL CARIBE S.A. E.S.P.,SUAN,20,10.3354309226,-74.8816874004
ENERGIA,2249,ELECTRIFICADORA DEL CARIBE S.A. E.S.P.,REPELON,20,10.4933403213,-75.1254822303
ENERGIA,2249,ELECTRIFICADORA DEL CARIBE S.A. E.S.P.,CHIRIGUANA,20,9.36118941734,-73.600147529
ENERGIA,2249,ELECTRIFICADORA DEL CARIBE S.A. E.S.P.,CALAMAR,20,10.2503611819,-74.9161222621
ENERGIA,2249,ELECTRIFICADORA DEL CARIBE S.A. E.S.P.,PUEBLO BELLO,19,10.4172860694,-73.5862472969
ENERGIA,2249,ELECTRIFICADORA DEL CARIBE S.A. E.S.P.,SAN JUAN NEPOMUCENO,19,9.95345322129,-75.081354128
ENERGIA,2249,ELECTRIFICADORA DEL CARIBE S.A. E.S.P.,CHINU,17,9.10529229865,-75.3997215182
ENERGIA,2249,ELECTRIFICADORA DEL CARIBE S.A. E.S.P.,TUBARA,17,10.8736512946,-74.9786801062
ENERGIA,2249,ELECTRIFICADORA DEL CARIBE S.A. E.S.P.,MANZANILLO DEL MAR,17,10.5147865729,-75.4976242928
ENERGIA,2249,ELECTRIFICADORA DEL CARIBE S.A. E.S.P.,EL CARMEN DE BOLIVAR,16,9.71861199322,-75.1212066427
ENERGIA,2249,ELECTRIFICADORA DEL CARIBE S.A. E.S.P.,CIENAGA DE ORO,16,8.87550305273,-75.6207853009
ENERGIA,2249,ELECTRIFICADORA DEL CARIBE S.A. E.S.P.,HATONUEVO,16,11.0687421081,-72.7590172472
ENERGIA,2249,ELECTRIFICADORA DEL CARIBE S.A. E.S.P.,SANTA VERONICA,16,10.8772473452,-75.084351773
ENERGIA,2249,ELECTRIFICADORA DEL CARIBE S.A. E.S.P.,LOS PALMITOS,15,9.3802289505,-75.268750942
ENERGIA,2249,ELECTRIFICADORA DEL CARIBE S.A. E.S.P.,BARRANCAS,15,10.9586657579,-72.7935757813
ENERGIA,2249,ELECTRIFICADORA DEL CARIBE S.A. E.S.P.,SAN CARLOS,14,8.7991072141,-75.698841723
ENERGIA,2249,ELECTRIFICADORA DEL CARIBE S.A. E.S.P.,ALGARROBO,14,10.1880372898,-74.061131388
ENERGIA,2249,ELECTRIFICADORA DEL CARIBE S.A. E.S.P.,ALBANIA,14,11.1516112258,-72.6123282482
ENERGIA,2249,ELECTRIFICADORA DEL CARIBE S.A. E.S.P.,SANTA ROSA DE LIMA,14,10.4443941775,-75.369832134
ENERGIA,2249,ELECTRIFICADORA DEL CARIBE S.A. E.S.P.,MANAURE,14,11.7739428149,-72.4395863069
ENERGIA,2249,ELECTRIFICADORA DEL CARIBE S.A. E.S.P.,PONEDERA,13,10.6417959018,-74.7539006043
ENERGIA,2249,ELECTRIFICADORA DEL CARIBE S.A. E.S.P.,CICUCO,13,9.27456085808,-74.645585537
ENERGIA,2249,ELECTRIFICADORA DEL CARIBE S.A. E.S.P.,MANATI,13,10.4489620358,-74.9570353895
ENERGIA,2249,ELECTRIFICADORA DEL CARIBE S.A. E.S.P.,LOS GARZONES,13,8.82600422963,-75.8434804814
ENERGIA,2249,ELECTRIFICADORA DEL CARIBE S.A. E.S.P.,MENCHIQUEJO,13,9.19007780535,-74.0419939014
ENERGIA,2249,ELECTRIFICADORA DEL CARIBE S.A. E.S.P.,BAYUNCA,13,10.535519912,-75.3958615024
ENERGIA,2249,ELECTRIFICADORA DEL CARIBE S.A. E.S.P.,SAN PELAYO,13,8.95800878711,-75.8351254915
ENERGIA,2249,ELECTRIFICADORA DEL CARIBE S.A. E.S.P.,RETIRO DE LOS INDIOS,12,8.85612091124,-75.8164424125
ENERGIA,2249,ELECTRIFICADORA DEL CARIBE S.A. E.S.P.,PASACABALLOS,12,10.2835858517,-75.5159130059
ENERGIA,2249,ELECTRIFICADORA DEL CARIBE S.A. E.S.P.,PUERTO LIBERTADOR,12,7.88883325281,-75.6718011007
ENERGIA,2249,ELECTRIFICADORA DEL CARIBE S.A. E.S.P.,USIACURI,11,10.742979811,-74.9769840969
ENERGIA,2249,ELECTRIFICADORA DEL CARIBE S.A. E.S.P.,SANTA LUCIA,11,10.3243082813,-74.9592075848
ENERGIA,2249,ELECTRIFICADORA DEL CARIBE S.A. E.S.P.,SAN BENITO ABAD,11,8.92996976102,-75.0311600711
ENERGIA,2249,ELECTRIFICADORA DEL CARIBE S.A. E.S.P.,MOMIL,11,9.24071061295,-75.6779588318
ENERGIA,2249,ELECTRIFICADORA DEL CARIBE S.A. E.S.P.,RIOFRIO,11,10.905109805,-74.1726262402
ENERGIA,2249,ELECTRIFICADORA DEL CARIBE S.A. E.S.P.,CHOCHO,11,9.24770622625,-75.3423229236
ENERGIA,2249,ELECTRIFICADORA DEL CARIBE S.A. E.S.P.,MARIA LA BAJA,11,9.98264680271,-75.3007611748
ENERGIA,2249,ELECTRIFICADORA DEL CARIBE S.A. E.S.P.,CAMPO DE LA CRUZ,11,10.3782957218,-74.8808535392
ENERGIA,2249,ELECTRIFICADORA DEL CARIBE S.A. E.S.P.,LA APARTADA,10,8.04990063857,-75.3357616802
ENERGIA,2249,ELECTRIFICADORA DEL CARIBE S.A. E.S.P.,AGUAS BLANCAS,10,10.2239353262,-73.4914721058
ENERGIA,2249,ELECTRIFICADORA DEL CARIBE S.A. E.S.P.,EL SABANAL,10,8.77868918019,-75.806648938
ENERGIA,2249,ELECTRIFICADORA DEL CARIBE S.A. E.S.P.,TOLU VIEJO,10,9.45183874964,-75.4408214257
ENERGIA,2249,ELECTRIFICADORA DEL CARIBE S.A. E.S.P.,SAN ANTERO,10,9.37621656532,-75.7607741431
ENERGIA,2249,ELECTRIFICADORA DEL CARIBE S.A. E.S.P.,SAN PEDRO,10,9.39596570901,-75.0634845353
ENERGIA,2249,ELECTRIFICADORA DEL CARIBE S.A. E.S.P.,CHIMICHAGUA,9,9.2582722175,-73.8133298841
ENERGIA,2249,ELECTRIFICADORA DEL CARIBE S.A. E.S.P.,EL CERRITO,9,8.71581477382,-75.7873551712
ENERGIA,2249,ELECTRIFICADORA DEL CARIBE S.A. E.S.P.,SAN BERNARDO DEL VIENTO,9,9.35228972856,-75.9547986436
ENERGIA,2249,ELECTRIFICADORA DEL CARIBE S.A. E.S.P.,PALOMINO,9,11.2441469982,-73.5588663105
ENERGIA,2249,ELECTRIFICADORA DEL CARIBE S.A. E.S.P.,TURBANA,9,10.2744001934,-75.4425018865
ENERGIA,2249,ELECTRIFICADORA DEL CARIBE S.A. E.S.P.,VALENCIA,9,8.25501643828,-76.150720786
ENERGIA,2249,ELECTRIFICADORA DEL CARIBE S.A. E.S.P.,LA UNION,8,8.85397531911,-75.2760559341
ENERGIA,2249,ELECTRIFICADORA DEL CARIBE S.A. E.S.P.,SALAMINA,8,10.4912293928,-74.7941894058
ENERGIA,2249,ELECTRIFICADORA DEL CARIBE S.A. E.S.P.,SABANAS DE RINCON,8,9.74580296272,-75.6258908171
ENERGIA,2249,ELECTRIFICADORA DEL CARIBE S.A. E.S.P.,LURUACO,8,10.6111248118,-75.1422887632
ENERGIA,2249,ELECTRIFICADORA DEL CARIBE S.A. E.S.P.,OVEJAS,8,9.52668815702,-75.2290829562
ENERGIA,2249,ELECTRIFICADORA DEL CARIBE S.A. E.S.P.,PURISIMA DE LA CONCEPCION,8,9.23929988718,-75.7248856036
ENERGIA,2249,ELECTRIFICADORA DEL CARIBE S.A. E.S.P.,MARTINEZ,8,8.87417695711,-75.7650577137
ENERGIA,2249,ELECTRIFICADORA DEL CARIBE S.A. E.S.P.,GUACAMAYAL,8,10.7503357783,-74.1586592648
ENERGIA,2249,ELECTRIFICADORA DEL CARIBE S.A. E.S.P.,CARACOLI,8,10.8594100933,-74.8337663112
ENERGIA,2249,ELECTRIFICADORA DEL CARIBE S.A. E.S.P.,CANDELARIA,8,10.4612089848,-74.8799120495
ENERGIA,2249,ELECTRIFICADORA DEL CARIBE S.A. E.S.P.,PALOTAL,8,8.85633862244,-75.8979653533
ENERGIA,2249,ELECTRIFICADORA DEL CARIBE S.A. E.S.P.,JUAN ARIAS,8,9.3240216534,-74.9221260832
ENERGIA,2249,ELECTRIFICADORA DEL CARIBE S.A. E.S.P.,MARIANGOLA,7,10.1817109011,-73.5872601395
ENERGIA,2249,ELECTRIFICADORA DEL CARIBE S.A. E.S.P.,ORIHUECA,7,10.8389105887,-74.1685341817
ENERGIA,2249,ELECTRIFICADORA DEL CARIBE S.A. E.S.P.,CAZACARA,7,9.83181719608,-73.2616546649
ENERGIA,2249,ELECTRIFICADORA DEL CARIBE S.A. E.S.P.,GUARANDA,7,8.464847043,-74.538345419
ENERGIA,2249,ELECTRIFICADORA DEL CARIBE S.A. E.S.P.,ALGARROBAL,7,9.12876765287,-74.0450801899
ENERGIA,2249,ELECTRIFICADORA DEL CARIBE S.A. E.S.P.,VALENCIA DE JESUS,7,10.3015563726,-73.3945883842
ENERGIA,2249,ELECTRIFICADORA DEL CARIBE S.A. E.S.P.,ASTREA,7,9.49816273938,-73.9758629785
ENERGIA,2249,ELECTRIFICADORA DEL CARIBE S.A. E.S.P.,LA PE?A,7,10.582895985,-75.02411422
ENERGIA,2249,ELECTRIFICADORA DEL CARIBE S.A. E.S.P.,MAJAGUAL,7,8.54071408117,-74.6281041912
ENERGIA,2249,ELECTRIFICADORA DEL CARIBE S.A. E.S.P.,SAN JOSE DEL ORIENTE,6,10.350398524,-73.043417529
ENERGIA,2249,ELECTRIFICADORA DEL CARIBE S.A. E.S.P.,HENEQUEN,6,9.27192947129,-74.8311293289
ENERGIA,2249,ELECTRIFICADORA DEL CARIBE S.A. E.S.P.,VILLANUEVA,6,10.4443304246,-75.2751686679
ENERGIA,2249,ELECTRIFICADORA DEL CARIBE S.A. E.S.P.,URIBIA,6,11.7146470766,-72.2647599261
ENERGIA,2249,ELECTRIFICADORA DEL CARIBE S.A. E.S.P.,SAN ESTANISLAO DE KOSTKA,6,10.3984770306,-75.1532584252
ENERGIA,2249,ELECTRIFICADORA DEL CARIBE S.A. E.S.P.,MOLINERO,6,10.6552514337,-75.0424664619
ENERGIA,2249,ELECTRIFICADORA DEL CARIBE S.A. E.S.P.,MATEO GOMEZ,6,8.84616216476,-75.8292664357
ENERGIA,2249,ELECTRIFICADORA DEL CARIBE S.A. E.S.P.,SANTA LUCIA,6,8.84511187531,-76.0376717935
ENERGIA,2249,ELECTRIFICADORA DEL CARIBE S.A. E.S.P.,BERASTEGUI,6,8.87700265874,-75.7081130949
ENERGIA,2249,ELECTRIFICADORA DEL CARIBE S.A. E.S.P.,ZAMBRANO,6,9.74628103898,-74.8180006807
ENERGIA,2249,ELECTRIFICADORA DEL CARIBE S.A. E.S.P.,CAMPECHE,6,10.7265367611,-74.9136998554
ENERGIA,2249,ELECTRIFICADORA DEL CARIBE S.A. E.S.P.,DIBULLA,6,11.2715687878,-73.3076206855
ENERGIA,2249,ELECTRIFICADORA DEL CARIBE S.A. E.S.P.,BETULIA,6,9.27306592979,-75.2435648458
ENERGIA,2249,ELECTRIFICADORA DEL CARIBE S.A. E.S.P.,MADRID,6,9.19409815411,-74.749643906
ENERGIA,2249,ELECTRIFICADORA DEL CARIBE S.A. E.S.P.,GRANADA,5,9.80154812175,-74.392235318
ENERGIA,2249,ELECTRIFICADORA DEL CARIBE S.A. E.S.P.,SIMITI,5,7.95442830168,-73.9467782481
ENERGIA,2249,ELECTRIFICADORA DEL CARIBE S.A. E.S.P.,PARAGUACHON,5,11.3610919856,-72.1342911104
ENERGIA,2249,ELECTRIFICADORA DEL CARIBE S.A. E.S.P.,SANTA BARBARA DE PINTO,5,9.4322584701,-74.7046839218
ENERGIA,2249,ELECTRIFICADORA DEL CARIBE S.A. E.S.P.,MAHATES,5,10.2332538997,-75.1913392756
ENERGIA,2249,ELECTRIFICADORA DEL CARIBE S.A. E.S.P.,NUEVA ESPERANZA,5,10.8909523235,-75.0455362813
ENERGIA,2249,ELECTRIFICADORA DEL CARIBE S.A. E.S.P.,URUMITA,5,10.5601686746,-73.0125081065
ENERGIA,2249,ELECTRIFICADORA DEL CARIBE S.A. E.S.P.,EL PE?ON,5,8.98822535038,-73.9494279539
ENERGIA,2249,ELECTRIFICADORA DEL CARIBE S.A. E.S.P.,PIOJO,5,10.7493431731,-75.1074681737
ENERGIA,2249,ELECTRIFICADORA DEL CARIBE S.A. E.S.P.,PROVIDENCIA,5,9.34970984247,-74.9514673
ENERGIA,2249,ELECTRIFICADORA DEL CARIBE S.A. E.S.P.,MARTILLO,5,10.6273797091,-74.8304819985
ENERGIA,2249,ELECTRIFICADORA DEL CARIBE S.A. E.S.P.,EL MOLINO,5,10.6535029819,-72.9267422648
ENERGIA,2249,ELECTRIFICADORA DEL CARIBE S.A. E.S.P.,SUCRE,5,8.81174045357,-74.7232228452
ENERGIA,2249,ELECTRIFICADORA DEL CARIBE S.A. E.S.P.,PATIO BONITO,4,8.60830940103,-75.744060153
ENERGIA,2249,ELECTRIFICADORA DEL CARIBE S.A. E.S.P.,BUENOS AIRES,4,10.5235931598,-74.1794491383
ENERGIA,2249,ELECTRIFICADORA DEL CARIBE S.A. E.S.P.,MALAGANA,4,10.1361143384,-75.2275518746
ENERGIA,2249,ELECTRIFICADORA DEL CARIBE S.A. E.S.P.,CASCAJAL,4,10.597859702,-74.8493036826
ENERGIA,2249,ELECTRIFICADORA DEL CARIBE S.A. E.S.P.,SANTA ANA,4,9.32429335632,-74.5668440377
ENERGIA,2249,ELECTRIFICADORA DEL CARIBE S.A. E.S.P.,CAIMITO,4,8.78932537693,-75.1171440547
ENERGIA,2249,ELECTRIFICADORA DEL CARIBE S.A. E.S.P.,DON DIEGO,4,11.2393277584,-73.6982432397
ENERGIA,2249,ELECTRIFICADORA DEL CARIBE S.A. E.S.P.,SANTA CATALINA,4,10.6050569813,-75.2877605206
ENERGIA,2249,ELECTRIFICADORA DEL CARIBE S.A. E.S.P.,PUERTO GIRALDO,4,10.5049581171,-74.8160130401
ENERGIA,2249,ELECTRIFICADORA DEL CARIBE S.A. E.S.P.,CUATRO VIENTOS,4,9.74066965238,-73.7093898681
ENERGIA,2249,ELECTRIFICADORA DEL CARIBE S.A. E.S.P.,SAN ANTERITO,4,8.5625137229,-75.8593734418
ENERGIA,2249,ELECTRIFICADORA DEL CARIBE S.A. E.S.P.,PUEBLO NUEVO,4,9.90523025584,-74.1024201853
ENERGIA,2249,ELECTRIFICADORA DEL CARIBE S.A. E.S.P.,RINCON HONDO,4,9.39521877642,-73.4894649063
ENERGIA,2249,ELECTRIFICADORA DEL CARIBE S.A. E.S.P.,SANTA ISABEL,4,8.54566177971,-75.9549420562
ENERGIA,2249,ELECTRIFICADORA DEL CARIBE S.A. E.S.P.,CARRILLO,4,8.987129786,-75.831796101
ENERGIA,2249,ELECTRIFICADORA DEL CARIBE S.A. E.S.P.,DISTRACCION,4,10.8984720802,-72.8873913777
ENERGIA,2249,ELECTRIFICADORA DEL CARIBE S.A. E.S.P.,SAN ANGEL,4,10.0325378237,-74.2139389889
ENERGIA,2249,ELECTRIFICADORA DEL CARIBE S.A. E.S.P.,PINILLOS,4,8.91545237529,-74.4624038627
ENERGIA,2249,ELECTRIFICADORA DEL CARIBE S.A. E.S.P.,EL REPARO,4,8.38687562571,-75.5641024159
ENERGIA,2249,ELECTRIFICADORA DEL CARIBE S.A. E.S.P.,MINGUEO,4,11.2162452754,-73.3993175224
ENERGIA,2249,ELECTRIFICADORA DEL CARIBE S.A. E.S.P.,BUENAVISTA,4,9.31985711931,-74.9730193151
ENERGIA,2249,ELECTRIFICADORA DEL CARIBE S.A. E.S.P.,DON ALONSO,4,9.22010744674,-75.3297851096
ENERGIA,2249,ELECTRIFICADORA DEL CARIBE S.A. E.S.P.,PUNTA CANOA,4,10.5568958203,-75.5003044122
ENERGIA,2249,ELECTRIFICADORA DEL CARIBE S.A. E.S.P.,BARRANCA DE YUCA,4,9.17919785446,-74.8532267713
ENERGIA,2249,ELECTRIFICADORA DEL CARIBE S.A. E.S.P.,TRES PALMAS,4,8.49070686405,-75.9504276818
ENERGIA,2249,ELECTRIFICADORA DEL CARIBE S.A. E.S.P.,LOS ANDES,3,9.58116073945,-74.3535971667
ENERGIA,2249,ELECTRIFICADORA DEL CARIBE S.A. E.S.P.,CHIMA,3,9.14947838025,-75.6268945872
ENERGIA,2249,ELECTRIFICADORA DEL CARIBE S.A. E.S.P.,CA?O DE PALMA,3,9.19258601007,-74.0870432918
ENERGIA,2249,ELECTRIFICADORA DEL CARIBE S.A. E.S.P.,PRADO - SEVILLA,3,10.7630254626,-74.1400846875
ENERGIA,2249,ELECTRIFICADORA DEL CARIBE S.A. E.S.P.,SAN CRISTOBAL,3,10.3928556679,-75.065534552
ENERGIA,2249,ELECTRIFICADORA DEL CARIBE S.A. E.S.P.,SOPLAVIENTO,3,10.3884564354,-75.1364262581
ENERGIA,2249,ELECTRIFICADORA DEL CARIBE S.A. E.S.P.,PITAL,3,10.8414663957,-74.9182963125
ENERGIA,2249,ELECTRIFICADORA DEL CARIBE S.A. E.S.P.,MEDIA LUNA,3,10.2442907835,-73.144733009
ENERGIA,2249,ELECTRIFICADORA DEL CARIBE S.A. E.S.P.,TORNO ROJO,3,7.96967130735,-75.5530016543
ENERGIA,2249,ELECTRIFICADORA DEL CARIBE S.A. E.S.P.,SAMPUES,3,10.526816267,-74.181674414
ENERGIA,2249,ELECTRIFICADORA DEL CARIBE S.A. E.S.P.,BERMEJAL,3,9.26351582604,-74.3860412955
ENERGIA,2249,ELECTRIFICADORA DEL CARIBE S.A. E.S.P.,ALBANIA,3,9.23891553405,-75.2276535099
ENERGIA,2249,ELECTRIFICADORA DEL CARIBE S.A. E.S.P.,COLOMBIA,3,10.6412205306,-75.0014606679
ENERGIA,2249,ELECTRIFICADORA DEL CARIBE S.A. E.S.P.,RABOLARGO,3,8.951369172,-75.74339689
ENERGIA,2249,ELECTRIFICADORA DEL CARIBE S.A. E.S.P.,LA CEIBA,3,9.19729518737,-74.2311997552
ENERGIA,2249,ELECTRIFICADORA DEL CARIBE S.A. E.S.P.,EL PI?AL,3,9.46288380668,-75.216199169
ENERGIA,2249,ELECTRIFICADORA DEL CARIBE S.A. E.S.P.,SINCELEJITO,3,9.44493468382,-74.9793255155
ENERGIA,2249,ELECTRIFICADORA DEL CARIBE S.A. E.S.P.,BELEN,3,8.28264070077,-75.4139412293
ENERGIA,2249,ELECTRIFICADORA DEL CARIBE S.A. E.S.P.,CARRIZAL,3,8.68254051878,-75.7515611244
ENERGIA,2249,ELECTRIFICADORA DEL CARIBE S.A. E.S.P.,CHIVOLO,3,10.0268400946,-74.6231370766
ENERGIA,2249,ELECTRIFICADORA DEL CARIBE S.A. E.S.P.,BELEN,3,8.70119720452,-75.1296874669
ENERGIA,2249,ELECTRIFICADORA DEL CARIBE S.A. E.S.P.,PONTEZUELA,3,10.5443863488,-75.4413524163
ENERGIA,2249,ELECTRIFICADORA DEL CARIBE S.A. E.S.P.,EL CARITO,3,9.05710089875,-75.8059118388
ENERGIA,2249,ELECTRIFICADORA DEL CARIBE S.A. E.S.P.,COSTILLA,3,8.73250886025,-73.7233720433
ENERGIA,2249,ELECTRIFICADORA DEL CARIBE S.A. E.S.P.,BURITACA,3,11.2495236094,-73.7704561149
ENERGIA,2249,ELECTRIFICADORA DEL CARIBE S.A. E.S.P.,EL BARRANCO DE CHILLOA,3,9.14301101674,-73.9950904305
ENERGIA,2249,ELECTRIFICADORA DEL CARIBE S.A. E.S.P.,SAN SEBASTIAN DE BUENAVISTA,3,9.24078172832,-74.3516789515
ENERGIA,2249,ELECTRIFICADORA DEL CARIBE S.A. E.S.P.,ARROYO DE ARENA,3,8.54128416442,-75.5707288151
ENERGIA,2249,ELECTRIFICADORA DEL CARIBE S.A. E.S.P.,VARAS BLANCAS,2,10.423689287,-73.1514891473
ENERGIA,2249,ELECTRIFICADORA DEL CARIBE S.A. E.S.P.,BONGAS MELLAS,2,8.99379713044,-75.9348481653
ENERGIA,2249,ELECTRIFICADORA DEL CARIBE S.A. E.S.P.,VILLANUEVA,2,8.34222322587,-76.1189884624
ENERGIA,2249,ELECTRIFICADORA DEL CARIBE S.A. E.S.P.,SAN ANDRES DE SOTAVENTO,2,9.14515876439,-75.5088929562
ENERGIA,2249,ELECTRIFICADORA DEL CARIBE S.A. E.S.P.,GUACHACA,2,11.2485685485,-73.8324837987
ENERGIA,2249,ELECTRIFICADORA DEL CARIBE S.A. E.S.P.,SAN ZENON,2,9.24506385456,-74.4989888678
ENERGIA,2249,ELECTRIFICADORA DEL CARIBE S.A. E.S.P.,LAS LLANADAS,2,9.15414786258,-75.2810020161
ENERGIA,2249,ELECTRIFICADORA DEL CARIBE S.A. E.S.P.,VILLAS DE PALMARITO,2,10.8894187915,-75.0527879847
ENERGIA,2249,ELECTRIFICADORA DEL CARIBE S.A. E.S.P.,ACHI,2,8.56945622216,-74.5575205453
ENERGIA,2249,ELECTRIFICADORA DEL CARIBE S.A. E.S.P.,LA RINCONADA,2,9.23190879714,-74.5001194585
ENERGIA,2249,ELECTRIFICADORA DEL CARIBE S.A. E.S.P.,SAN JACINTO,2,9.8302177331,-75.1210906283
ENERGIA,2249,ELECTRIFICADORA DEL CARIBE S.A. E.S.P.,ISABEL LOPEZ,2,10.6755427079,-75.0024052721
ENERGIA,2249,ELECTRIFICADORA DEL CARIBE S.A. E.S.P.,LAS VEGAS,2,9.07880326355,-73.6518301494
ENERGIA,2249,ELECTRIFICADORA DEL CARIBE S.A. E.S.P.,GUASIMAL,2,8.36716962851,-76.0772225484
ENERGIA,2249,ELECTRIFICADORA DEL CARIBE S.A. E.S.P.,LA MADERA,2,8.97281745475,-75.8631919924
ENERGIA,2249,ELECTRIFICADORA DEL CARIBE S.A. E.S.P.,BUENAVISTA,2,10.8822578739,-72.8912688861
ENERGIA,2249,ELECTRIFICADORA DEL CARIBE S.A. E.S.P.,MENDIHUACA,2,11.2681771363,-73.8608898936
ENERGIA,2249,ELECTRIFICADORA DEL CARIBE S.A. E.S.P.,SACANA,2,9.32025693817,-75.6390410502
ENERGIA,2249,ELECTRIFICADORA DEL CARIBE S.A. E.S.P.,PROVIDENCIA,2,8.38717938928,-75.4346864077
ENERGIA,2249,ELECTRIFICADORA DEL CARIBE S.A. E.S.P.,ATANQUEZ,2,10.696803278,-73.3542150354
ENERGIA,2249,ELECTRIFICADORA DEL CARIBE S.A. E.S.P.,GUACOCHE,2,10.4963786572,-73.165520461
ENERGIA,2249,ELECTRIFICADORA DEL CARIBE S.A. E.S.P.,RAICES,2,10.5575258186,-73.1815444519
ENERGIA,2249,ELECTRIFICADORA DEL CARIBE S.A. E.S.P.,RIO SECO,2,10.6075871234,-73.223716945
ENERGIA,2249,ELECTRIFICADORA DEL CARIBE S.A. E.S.P.,LA AURORA,2,9.4656214311,-73.5545212806
ENERGIA,2249,ELECTRIFICADORA DEL CARIBE S.A. E.S.P.,LETICIA - EL TRONCO,2,8.67986451353,-76.0300149936
ENERGIA,2249,ELECTRIFICADORA DEL CARIBE S.A. E.S.P.,CANALETE URBANO,2,8.78694391327,-76.2413961216
ENERGIA,2249,ELECTRIFICADORA DEL CARIBE S.A. E.S.P.,PUERTO FRANCO,2,9.10084354747,-74.8786894754
ENERGIA,2249,ELECTRIFICADORA DEL CARIBE S.A. E.S.P.,PALMITO,2,9.33310204871,-75.5412570386
ENERGIA,2249,ELECTRIFICADORA DEL CARIBE S.A. E.S.P.,MANGUELITO,2,8.919898884,-75.792649932
ENERGIA,2249,ELECTRIFICADORA DEL CARIBE S.A. E.S.P.,ARACHE,2,9.07526098507,-75.6420515812
ENERGIA,2249,ELECTRIFICADORA DEL CARIBE S.A. E.S.P.,PUERTO ESCONDIDO,2,9.00537056386,-76.2604107447
ENERGIA,2249,ELECTRIFICADORA DEL CARIBE S.A. E.S.P.,SAN ISIDRO,2,8.99281411011,-75.1485090327
ENERGIA,2249,ELECTRIFICADORA DEL CARIBE S.A. E.S.P.,CUENCA,2,8.52224293169,-75.2512676296
ENERGIA,2249,ELECTRIFICADORA DEL CARIBE S.A. E.S.P.,RINCON DEL MAR,2,9.763542122,-75.639513588
ENERGIA,2249,ELECTRIFICADORA DEL CARIBE S.A. E.S.P.,TRES PUNTAS,2,9.189834622,-74.8930736994
ENERGIA,2249,ELECTRIFICADORA DEL CARIBE S.A. E.S.P.,MARGARITA,2,9.155517395,-74.280926824
ENERGIA,2249,ELECTRIFICADORA DEL CARIBE S.A. E.S.P.,COTORRA,2,9.03708855987,-75.7991480544
ENERGIA,2249,ELECTRIFICADORA DEL CARIBE S.A. E.S.P.,SANTANA(CENTRO ALEGRE),2,8.17702005046,-75.6317628555
ENERGIA,2249,ELECTRIFICADORA DEL CARIBE S.A. E.S.P.,SAN ROQUE,2,9.28999750275,-73.5152173704
ENERGIA,2249,ELECTRIFICADORA DEL CARIBE S.A. E.S.P.,CARACOLICITO,2,10.1977120504,-73.9726420998
ENERGIA,2249,ELECTRIFICADORA DEL CARIBE S.A. E.S.P.,LAS PALOMAS,2,8.4457516238,-75.9956006264
ENERGIA,2249,ELECTRIFICADORA DEL CARIBE S.A. E.S.P.,PUERTO NUEVO,2,8.97861657,-75.79494139
ENERGIA,2249,ELECTRIFICADORA DEL CARIBE S.A. E.S.P.,BONITO VIENTO,2,8.18765609793,-75.893293914
ENERGIA,2249,ELECTRIFICADORA DEL CARIBE S.A. E.S.P.,LAS FLORES,2,9.32715390983,-75.338077751
ENERGIA,2249,ELECTRIFICADORA DEL CARIBE S.A. E.S.P.,BARU,2,10.1424674428,-75.6834677374
ENERGIA,2249,ELECTRIFICADORA DEL CARIBE S.A. E.S.P.,SANTA FE,2,9.29576335015,-74.7113111679
ENERGIA,2249,ELECTRIFICADORA DEL CARIBE S.A. E.S.P.,GUATACA,2,9.20214017195,-74.3735697467
ENERGIA,2249,ELECTRIFICADORA DEL CARIBE S.A. E.S.P.,CA?AVERAL,2,10.384449534,-75.3324601056
ENERGIA,2249,ELECTRIFICADORA DEL CARIBE S.A. E.S.P.,POTRERILLO,2,9.53713746078,-73.6653169292
ENERGIA,2249,ELECTRIFICADORA DEL CARIBE S.A. E.S.P.,GUATEQUE,2,8.63568676635,-75.8693011411
ENERGIA,2249,ELECTRIFICADORA DEL CARIBE S.A. E.S.P.,SANTA ROSA,2,8.75017550813,-75.6277219348
ENERGIA,2249,ELECTRIFICADORA DEL CARIBE S.A. E.S.P.,TUCHIN,2,9.18656992554,-75.5538706654
ENERGIA,2249,ELECTRIFICADORA DEL CARIBE S.A. E.S.P.,TUCURINCA,2,10.6500480164,-74.1659560965
ENERGIA,2249,ELECTRIFICADORA DEL CARIBE S.A. E.S.P.,CASCAJAL,2,9.31459052549,-74.8066797021
ENERGIA,2249,ELECTRIFICADORA DEL CARIBE S.A. E.S.P.,FLORENCIA,2,9.3136704953,-74.8915243327
ENERGIA,2249,ELECTRIFICADORA DEL CARIBE S.A. E.S.P.,SAN SEBASTIAN,2,9.22529610225,-75.7910083077
ENERGIA,2249,ELECTRIFICADORA DEL CARIBE S.A. E.S.P.,SAN JOSE DE ORIENTE - BETANIA,2,10.3486396288,-73.0512398272
ENERGIA,2249,ELECTRIFICADORA DEL CARIBE S.A. E.S.P.,TAMALAMEQUE,2,8.86172485582,-73.8121730964
ENERGIA,2249,ELECTRIFICADORA DEL CARIBE S.A. E.S.P.,JARAQUIEL,2,8.699012132,-75.940535344
ENERGIA,2249,ELECTRIFICADORA DEL CARIBE S.A. E.S.P.,LA MANTA,2,8.40114884598,-75.7244032947
ENERGIA,2249,ELECTRIFICADORA DEL CARIBE S.A. E.S.P.,LA PE?A,2,10.7758498153,-73.1231006604
ENERGIA,2249,ELECTRIFICADORA DEL CARIBE S.A. E.S.P.,SAN BASILIO,2,10.3932245897,-74.665717075
ENERGIA,2249,ELECTRIFICADORA DEL CARIBE S.A. E.S.P.,LAS PIEDRAS,2,10.314755245,-75.192935057
ENERGIA,2249,ELECTRIFICADORA DEL CARIBE S.A. E.S.P.,PALMAR DE CANDELARIA,2,10.665799078,-75.1501656716
ENERGIA,2249,ELECTRIFICADORA DEL CARIBE S.A. E.S.P.,MO?ITOS,2,9.24527627335,-76.1293957384
ENERGIA,2249,ELECTRIFICADORA DEL CARIBE S.A. E.S.P.,NUEVA LUCIA,2,8.41784678167,-75.8254550312
ENERGIA,2249,ELECTRIFICADORA DEL CARIBE S.A. E.S.P.,QUEBRADA DE URANGO,2,8.7936135209,-76.1538912792
ENERGIA,2249,ELECTRIFICADORA DEL CARIBE S.A. E.S.P.,CERRO DE SAN ANTONIO,2,10.3256533075,-74.8684730704
ENERGIA,2249,ELECTRIFICADORA DEL CARIBE S.A. E.S.P.,PALO ALTO,2,9.825355464,-75.430470028
ENERGIA,2249,ELECTRIFICADORA DEL CARIBE S.A. E.S.P.,MACAJAN,2,9.53975753969,-75.4182388714
ENERGIA,2249,ELECTRIFICADORA DEL CARIBE S.A. E.S.P.,LOS MIMBRES,2,8.95277002993,-75.6536325072
ENERGIA,2249,ELECTRIFICADORA DEL CARIBE S.A. E.S.P.,SOLEDAD,2,9.05515582654,-73.7066505512
ENERGIA,2249,ELECTRIFICADORA DEL CARIBE S.A. E.S.P.,PELAYITO,2,8.93491618135,-75.8228397854
ENERGIA,2249,ELECTRIFICADORA DEL CARIBE S.A. E.S.P.,CARRAIPIA,2,11.2558349098,-72.3688826175
ENERGIA,2249,ELECTRIFICADORA DEL CARIBE S.A. E.S.P.,SABANETA,2,8.77686302863,-75.2637753796
ENERGIA,2249,ELECTRIFICADORA DEL CARIBE S.A. E.S.P.,EL SOCORRO,2,9.26171748834,-75.2087162089
ENERGIA,2249,ELECTRIFICADORA DEL CARIBE S.A. E.S.P.,SANTA TERESITA,2,9.24805894725,-74.4754699921
ENERGIA,2249,ELECTRIFICADORA DEL CARIBE S.A. E.S.P.,LOS VENADOS,2,10.0102949237,-73.6992921239
ENERGIA,2249,ELECTRIFICADORA DEL CARIBE S.A. E.S.P.,ARJONA,2,9.53473893458,-73.9109561559
ENERGIA,2249,ELECTRIFICADORA DEL CARIBE S.A. E.S.P.,BADILLO,2,10.6308729923,-73.1283745448
ENERGIA,2249,ELECTRIFICADORA DEL CARIBE S.A. E.S.P.,LA VEGA  ARRIBA,2,10.6585342723,-73.2034258346
ENERGIA,2249,ELECTRIFICADORA DEL CARIBE S.A. E.S.P.,ARROYO DE PIEDRA,1,10.6087250545,-75.4473996868
ENERGIA,2249,ELECTRIFICADORA DEL CARIBE S.A. E.S.P.,TIERRA BAJA,1,10.4896062597,-75.4753463783
ENERGIA,2249,ELECTRIFICADORA DEL CARIBE S.A. E.S.P.,MEMBRILLAL,1,10.3336518739,-75.477864829
ENERGIA,2249,ELECTRIFICADORA DEL CARIBE S.A. E.S.P.,HATILLO DE LOBA,1,8.95561446403,-74.0783633089
ENERGIA,2249,ELECTRIFICADORA DEL CARIBE S.A. E.S.P.,SANTA CRUZ,1,9.08510352805,-74.6910627853
ENERGIA,2249,ELECTRIFICADORA DEL CARIBE S.A. E.S.P.,LOMA DE ARENA,1,10.7339791397,-75.2641171989
ENERGIA,2249,ELECTRIFICADORA DEL CARIBE S.A. E.S.P.,TALAIGUA NUEVO,1,9.30401724098,-74.5674682776
ENERGIA,2249,ELECTRIFICADORA DEL CARIBE S.A. E.S.P.,PATICO,1,9.36702194031,-74.634585631
ENERGIA,2249,ELECTRIFICADORA DEL CARIBE S.A. E.S.P.,EL MORRO,1,10.942826374,-75.0065503752
ENERGIA,2249,ELECTRIFICADORA DEL CARIBE S.A. E.S.P.,LOS CALABAZOS,1,10.244643529,-73.281441871
ENERGIA,2249,ELECTRIFICADORA DEL CARIBE S.A. E.S.P.,CANDELARIA,1,9.20850600817,-73.8799997074
ENERGIA,2249,ELECTRIFICADORA DEL CARIBE S.A. E.S.P.,SALOA,1,9.19274417958,-73.7293191006
ENERGIA,2249,ELECTRIFICADORA DEL CARIBE S.A. E.S.P.,SAN FRANCISCO DE ASIS,1,10.2877261878,-73.8933828242
ENERGIA,2249,ELECTRIFICADORA DEL CARIBE S.A. E.S.P.,PALESTINA LA NUEVA,1,8.87661619046,-73.701199255
ENERGIA,2249,ELECTRIFICADORA DEL CARIBE S.A. E.S.P.,NUEVA ESTACION,1,8.23744590273,-75.4915077597
ENERGIA,2249,ELECTRIFICADORA DEL CARIBE S.A. E.S.P.,JOSE MANUEL DE ALTAMIRA,1,9.29544191447,-75.9846441031
ENERGIA,2249,ELECTRIFICADORA DEL CARIBE S.A. E.S.P.,EL DIVIDIVI,1,8.9663571364,-75.3813905768
ENERGIA,2249,ELECTRIFICADORA DEL CARIBE S.A. E.S.P.,KILOMETRO 32,1,8.69456670431,-75.5004768522
ENERGIA,2249,ELECTRIFICADORA DEL CARIBE S.A. E.S.P.,CONEJO,1,10.777297073,-72.7985948028
ENERGIA,2249,ELECTRIFICADORA DEL CARIBE S.A. E.S.P.,AREMASAHIN,1,11.4894026173,-72.7129522719
ENERGIA,2249,ELECTRIFICADORA DEL CARIBE S.A. E.S.P.,APURE,1,9.87229601892,-74.5819679473
ENERGIA,2249,ELECTRIFICADORA DEL CARIBE S.A. E.S.P.,EL JUNCAL,1,9.93710352269,-74.794336438
ENERGIA,2249,ELECTRIFICADORA DEL CARIBE S.A. E.S.P.,PUNTA DE PIEDRAS,1,10.1683144095,-74.7168957306
ENERGIA,2249,ELECTRIFICADORA DEL CARIBE S.A. E.S.P.,PALOMAR,1,10.7902170848,-74.1830749531
ENERGIA,2249,ELECTRIFICADORA DEL CARIBE S.A. E.S.P.,ZAPATA,1,8.59950787167,-74.694101912
ENERGIA,2249,ELECTRIFICADORA DEL CARIBE S.A. E.S.P.,LAS CRUCES,1,9.27767447033,-75.2252841314
ENERGIA,2249,ELECTRIFICADORA DEL CARIBE S.A. E.S.P.,SABANAS DEL POTRERO,1,9.25571251709,-75.4331436812
ENERGIA,2249,ELECTRIFICADORA DEL CARIBE S.A. E.S.P.,EL MAMON,1,9.26013131418,-75.3184980887
ENERGIA,2249,ELECTRIFICADORA DEL CARIBE S.A. E.S.P.,SAN RAFAEL DE LA CRUZ,1,10.2322222001,-75.3410330189
ENERGIA,2249,ELECTRIFICADORA DEL CARIBE S.A. E.S.P.,BODEGA,1,9.27918297917,-74.6781367837
ENERGIA,2249,ELECTRIFICADORA DEL CARIBE S.A. E.S.P.,EVITAR,1,10.2722055481,-75.1595348674
ENERGIA,2249,ELECTRIFICADORA DEL CARIBE S.A. E.S.P.,GUASIMAL,1,9.14342727939,-74.3353514615
ENERGIA,2249,ELECTRIFICADORA DEL CARIBE S.A. E.S.P.,AGUADA DE PABLO,1,10.5218287327,-75.0057069356
ENERGIA,2249,ELECTRIFICADORA DEL CARIBE S.A. E.S.P.,PUNTA DE YA?EZ,1,9.01645290544,-75.6095744963
ENERGIA,2249,ELECTRIFICADORA DEL CARIBE S.A. E.S.P.,LAS PALMITAS,1,8.82678291941,-75.6504221698
ENERGIA,2249,ELECTRIFICADORA DEL CARIBE S.A. E.S.P.,LA SUBIDA,1,9.106909916,-75.794855497
ENERGIA,2249,ELECTRIFICADORA DEL CARIBE S.A. E.S.P.,CAROLINA,1,8.51106789844,-75.6179511339
ENERGIA,2249,ELECTRIFICADORA DEL CARIBE S.A. E.S.P.,CARACOLI,1,10.0792781068,-73.7363711385
ENERGIA,2249,ELECTRIFICADORA DEL CARIBE S.A. E.S.P.,LOS CORAZONES,1,10.5318847881,-73.2227405983
ENERGIA,2249,ELECTRIFICADORA DEL CARIBE S.A. E.S.P.,LOMA VERDE,1,8.49742872579,-76.1734458672
ENERGIA,2249,ELECTRIFICADORA DEL CARIBE S.A. E.S.P.,EL OBLIGADO,1,8.91331368788,-75.8460414557
ENERGIA,2249,ELECTRIFICADORA DEL CARIBE S.A. E.S.P.,ARENA DEL SUR,1,0,0
ENERGIA,2249,ELECTRIFICADORA DEL CARIBE S.A. E.S.P.,SAN JOSE DE CINTURA,1,8.43373686718,-75.2690685752
ENERGIA,2249,ELECTRIFICADORA DEL CARIBE S.A. E.S.P.,LA MAGDALENA,1,8.6007097297,-75.4910776563
ENERGIA,2249,ELECTRIFICADORA DEL CARIBE S.A. E.S.P.,EL CRUCERO,1,8.63071327789,-75.3989275863
ENERGIA,2249,ELECTRIFICADORA DEL CARIBE S.A. E.S.P.,EL HATICO,1,10.9087802695,-72.8581353393
ENERGIA,2249,ELECTRIFICADORA DEL CARIBE S.A. E.S.P.,EL PLAN,1,10.4581268815,-73.0384000226
ENERGIA,2249,ELECTRIFICADORA DEL CARIBE S.A. E.S.P.,BELEN,1,9.07876756598,-73.9067863552
ENERGIA,2249,ELECTRIFICADORA DEL CARIBE S.A. E.S.P.,CEJA DEL MANGO,1,9.07553242416,-75.2483068909
ENERGIA,2249,ELECTRIFICADORA DEL CARIBE S.A. E.S.P.,EL LIMON,1,8.6303765563,-75.2130604713
ENERGIA,2249,ELECTRIFICADORA DEL CARIBE S.A. E.S.P.,BERRUGAS,1,9.69833361219,-75.6146028844
ENERGIA,2249,ELECTRIFICADORA DEL CARIBE S.A. E.S.P.,EL PUEBLITO,1,9.64385917172,-75.457601175
ENERGIA,2249,ELECTRIFICADORA DEL CARIBE S.A. E.S.P.,PITA EN MEDIO,1,9.647622412,-75.495448263
ENERGIA,2249,ELECTRIFICADORA DEL CARIBE S.A. E.S.P.,SANTA LUCIA,1,9.4750906755,-75.5312126138
ENERGIA,2249,ELECTRIFICADORA DEL CARIBE S.A. E.S.P.,CARACOL,1,9.41791190485,-75.3974877579
ENERGIA,2249,ELECTRIFICADORA DEL CARIBE S.A. E.S.P.,RIVERA,1,9.005631161,-73.693712481
ENERGIA,2249,ELECTRIFICADORA DEL CARIBE S.A. E.S.P.,BOCA DE SAN ANTONIO,1,9.04111815701,-74.7643812082
ENERGIA,2249,ELECTRIFICADORA DEL CARIBE S.A. E.S.P.,PLAYA MENDOZA,1,10.9020365944,-75.0382057746
ENERGIA,2249,ELECTRIFICADORA DEL CARIBE S.A. E.S.P.,LAGUNETA,1,8.68115861293,-75.5361980069
ENERGIA,2249,ELECTRIFICADORA DEL CARIBE S.A. E.S.P.,VILLA GERMANIA,1,10.2670062201,-73.7147758934
ENERGIA,2249,ELECTRIFICADORA DEL CARIBE S.A. E.S.P.,SAN BERNARDO,1,8.67683292476,-73.7248604839
ENERGIA,2249,ELECTRIFICADORA DEL CARIBE S.A. E.S.P.,LOS TUPES,1,10.3470980533,-73.2047222283
ENERGIA,2249,ELECTRIFICADORA DEL CARIBE S.A. E.S.P.,PARAISO,1,10.4101450068,-74.3862240774
ENERGIA,2249,ELECTRIFICADORA DEL CARIBE S.A. E.S.P.,PALERMO,1,10.9607638984,-74.7438004801
ENERGIA,2249,ELECTRIFICADORA DEL CARIBE S.A. E.S.P.,PAJARITO,1,8.78917345766,-75.3504862814
ENERGIA,2249,ELECTRIFICADORA DEL CARIBE S.A. E.S.P.,BUENAVISTA,1,8.68156859626,-75.2547568997
ENERGIA,2249,ELECTRIFICADORA DEL CARIBE S.A. E.S.P.,NEIVA,1,8.69776308159,-75.3188992189
ENERGIA,2249,ELECTRIFICADORA DEL CARIBE S.A. E.S.P.,VELEZ,1,9.10701023222,-75.0933428187
ENERGIA,2249,ELECTRIFICADORA DEL CARIBE S.A. E.S.P.,SAN JOSE DE PILETA,1,9.2699659404,-75.3136912175
ENERGIA,2249,ELECTRIFICADORA DEL CARIBE S.A. E.S.P.,MILAN,1,9.203185461,-75.337567301
ENERGIA,2249,ELECTRIFICADORA DEL CARIBE S.A. E.S.P.,LOS NISPEROS,1,8.650913044,-74.597274263
ENERGIA,2249,ELECTRIFICADORA DEL CARIBE S.A. E.S.P.,CLEMENCIA,1,10.5675414931,-75.3285123927
ENERGIA,2249,ELECTRIFICADORA DEL CARIBE S.A. E.S.P.,CEIBAL,1,9.35569794013,-74.8095781108
ENERGIA,2249,ELECTRIFICADORA DEL CARIBE S.A. E.S.P.,SAN BASILIO DE PALENQUE,1,10.1045632637,-75.1993210881
ENERGIA,2249,ELECTRIFICADORA DEL CARIBE S.A. E.S.P.,RIO VIEJO,1,8.587628771,-73.8399447912
ENERGIA,2249,ELECTRIFICADORA DEL CARIBE S.A. E.S.P.,EL LAZO,1,9.13936473357,-76.0304156294
ENERGIA,2249,ELECTRIFICADORA DEL CARIBE S.A. E.S.P.,ARENOSO,1,8.21880330448,-75.737423628
ENERGIA,2249,ELECTRIFICADORA DEL CARIBE S.A. E.S.P.,MARA?ONAL,1,8.30813745854,-75.6128648638
ENERGIA,2249,ELECTRIFICADORA DEL CARIBE S.A. E.S.P.,LA GLORIA,1,8.61929805971,-73.8032098836
ENERGIA,2249,ELECTRIFICADORA DEL CARIBE S.A. E.S.P.,LA VICTORIA,1,8.57711697956,-75.7903207095
ENERGIA,2249,ELECTRIFICADORA DEL CARIBE S.A. E.S.P.,VILLA FATIMA,1,8.09559434926,-75.392313021
ENERGIA,2249,ELECTRIFICADORA DEL CARIBE S.A. E.S.P.,FLECHAS SEVILLA,1,9.02653104943,-75.5272046649
ENERGIA,2249,ELECTRIFICADORA DEL CARIBE S.A. E.S.P.,NEIVA,1,8.55037454501,-75.5405719969
ENERGIA,2249,ELECTRIFICADORA DEL CARIBE S.A. E.S.P.,EL SILENCIO,1,8.98249832358,-76.1747866369
ENERGIA,2249,ELECTRIFICADORA DEL CARIBE S.A. E.S.P.,MONGUI,1,11.2286088002,-72.8217154794
ENERGIA,2249,ELECTRIFICADORA DEL CARIBE S.A. E.S.P.,PAPAYAL,1,10.9965135499,-72.7775132502
ENERGIA,2249,ELECTRIFICADORA DEL CARIBE S.A. E.S.P.,CALABAZO,1,11.284176898,-74.003066761
ENERGIA,2249,ELECTRIFICADORA DEL CARIBE S.A. E.S.P.,BELLA VISTA,1,10.3332453951,-74.0332254021
ENERGIA,2249,ELECTRIFICADORA DEL CARIBE S.A. E.S.P.,SITIONUEVO,1,10.775407167,-74.7201694573
ENERGIA,2249,ELECTRIFICADORA DEL CARIBE S.A. E.S.P.,EL REPOSO,1,10.955523861,-74.1722255881
ENERGIA,2249,ELECTRIFICADORA DEL CARIBE S.A. E.S.P.,LA CEIBA,1,8.93293477698,-74.9839830474
ENERGIA,2249,ELECTRIFICADORA DEL CARIBE S.A. E.S.P.,SANTIAGO APOSTOL,1,9.00690036102,-74.9268608529
ENERGIA,2249,ELECTRIFICADORA DEL CARIBE S.A. E.S.P.,HATO VIEJO,1,10.3036106401,-75.0391945725
ENERGIA,2249,ELECTRIFICADORA DEL CARIBE S.A. E.S.P.,CORDOBA,1,9.58690944657,-74.8274640871
ENERGIA,2249,ELECTRIFICADORA DEL CARIBE S.A. E.S.P.,FLAMENCO,1,9.98591917514,-75.3968244829
ENERGIA,2249,ELECTRIFICADORA DEL CARIBE S.A. E.S.P.,PALENQUITO,1,8.999865078,-74.46230151
ENERGIA,2249,ELECTRIFICADORA DEL CARIBE S.A. E.S.P.,PUERTO LOPEZ,1,8.78735175357,-74.3826507258
ENERGIA,2249,ELECTRIFICADORA DEL CARIBE S.A. E.S.P.,TAPOA,1,8.83170823245,-74.3105784413
ENERGIA,2249,ELECTRIFICADORA DEL CARIBE S.A. E.S.P.,SAN FERNANDO,1,9.21417846743,-74.3238659855
ENERGIA,2249,ELECTRIFICADORA DEL CARIBE S.A. E.S.P.,BOCATOCINO,1,10.8161767891,-75.2051180291
ENERGIA,2249,ELECTRIFICADORA DEL CARIBE S.A. E.S.P.,ARROYO DE PIEDRA,1,10.6308263689,-75.1050487485
ENERGIA,2249,ELECTRIFICADORA DEL CARIBE S.A. E.S.P.,NARI?O,1,9.16726366485,-75.838620988
ENERGIA,2249,ELECTRIFICADORA DEL CARIBE S.A. E.S.P.,LA SALADA,1,8.86170275443,-76.2875164426
ENERGIA,2249,ELECTRIFICADORA DEL CARIBE S.A. E.S.P.,BETULIA,1,9.29366189396,-75.6819023778
ENERGIA,2249,ELECTRIFICADORA DEL CARIBE S.A. E.S.P.,LA MINA,1,10.7026178625,-73.291711949
ENERGIA,2249,ELECTRIFICADORA DEL CARIBE S.A. E.S.P.,LA Y,1,9.55684861843,-73.9078569015
ENERGIA,2249,ELECTRIFICADORA DEL CARIBE S.A. E.S.P.,EL LIMON,1,8.6908722124,-76.2602540679
ENERGIA,2249,ELECTRIFICADORA DEL CARIBE S.A. E.S.P.,CARAMELO,1,8.2629810365,-75.9024579437
ENERGIA,2249,ELECTRIFICADORA DEL CARIBE S.A. E.S.P.,LOS LIMONES,1,8.50111546849,-75.3690290206
ENERGIA,2249,ELECTRIFICADORA DEL CARIBE S.A. E.S.P.,SAN JOSE DE CANALETE,1,8.97130236993,-76.2607985518
ENERGIA,2249,ELECTRIFICADORA DEL CARIBE S.A. E.S.P.,SAN MIGUEL,1,8.96129476395,-76.3054150962
ENERGIA,2249,ELECTRIFICADORA DEL CARIBE S.A. E.S.P.,EL VIAJANO,1,8.631405383,-75.481054953
ENERGIA,2249,ELECTRIFICADORA DEL CARIBE S.A. E.S.P.,LA CHINA,1,9.95485707266,-74.5566736985
ENERGIA,2249,ELECTRIFICADORA DEL CARIBE S.A. E.S.P.,CONCORDIA,1,10.2573102662,-74.833031377
ENERGIA,2249,ELECTRIFICADORA DEL CARIBE S.A. E.S.P.,LOS ANDES,1,9.27142893,-74.136973718
ENERGIA,2249,ELECTRIFICADORA DEL CARIBE S.A. E.S.P.,BARRO BLANCO,1,9.381961925,-74.632600726
ENERGIA,2249,ELECTRIFICADORA DEL CARIBE S.A. E.S.P.,MATEO PEREZ,1,9.214530208,-75.385135706
ENERGIA,2249,ELECTRIFICADORA DEL CARIBE S.A. E.S.P.,LA PALMA,1,8.69492418447,-74.7789420102
ENERGIA,2249,ELECTRIFICADORA DEL CARIBE S.A. E.S.P.,LAS PIEDRAS,1,9.43731505551,-75.3770805595
ENERGIA,2249,ELECTRIFICADORA DEL CARIBE S.A. E.S.P.,SIETE PALMAS,1,8.74972154784,-75.1935151576
ENERGIA,2249,ELECTRIFICADORA DEL CARIBE S.A. E.S.P.,CA?O DEL ORO,1,10.342511541,-75.5436633
ENERGIA,2249,ELECTRIFICADORA DEL CARIBE S.A. E.S.P.,BARRANCO DE LOBA,1,8.94773040932,-74.105224848
ENERGIA,2249,ELECTRIFICADORA DEL CARIBE S.A. E.S.P.,EL RETIRO,1,9.16933220941,-74.7349034694
ENERGIA,2249,ELECTRIFICADORA DEL CARIBE S.A. E.S.P.,PAPAYAL,1,8.71096221174,-73.9494589333
ENERGIA,2249,ELECTRIFICADORA DEL CARIBE S.A. E.S.P.,BUENAVENTURA DE LE?A,1,10.5170854388,-74.8779635012
ENERGIA,2249,ELECTRIFICADORA DEL CARIBE S.A. E.S.P.,GALLEGO,1,10.5529578776,-74.919730086
ENERGIA,2249,ELECTRIFICADORA DEL CARIBE S.A. E.S.P.,PALO DE AGUA,1,9.15897593833,-75.8428380682
ENERGIA,2249,ELECTRIFICADORA DEL CARIBE S.A. E.S.P.,CORDOBA,1,8.05108036619,-75.5738299345
ENERGIA,2249,ELECTRIFICADORA DEL CARIBE S.A. E.S.P.,EL ALMENDRO,1,8.34537206148,-75.6459634966
ENERGIA,2249,ELECTRIFICADORA DEL CARIBE S.A. E.S.P.,LA FLORESTA,1,8.8426296041,-73.6750234874
ENERGIA,2249,ELECTRIFICADORA DEL CARIBE S.A. E.S.P.,BUENOS AIRES,1,8.46792481538,-75.756348445
ENERGIA,2249,ELECTRIFICADORA DEL CARIBE S.A. E.S.P.,PLAYAS DEL VIENTO,1,9.34091734757,-76.0441231578
ENERGIA,2249,ELECTRIFICADORA DEL CARIBE S.A. E.S.P.,SABANANUEVA,1,9.03239678786,-75.8484001798
ENERGIA,2249,ELECTRIFICADORA DEL CARIBE S.A. E.S.P.,EL CONTENTO,1,8.59410781927,-75.5676698113
ENERGIA,2249,ELECTRIFICADORA DEL CARIBE S.A. E.S.P.,CRISTO REY,1,9.07377650147,-76.2275519742
ENERGIA,2249,ELECTRIFICADORA DEL CARIBE S.A. E.S.P.,CARRETALITO,1,10.9098426253,-72.7977230954
ENERGIA,2249,ELECTRIFICADORA DEL CARIBE S.A. E.S.P.,LA REVUELTA,1,11.2775825017,-73.9429508179
ENERGIA,2249,ELECTRIFICADORA DEL CARIBE S.A. E.S.P.,CAUCA,1,10.6362762515,-74.1939863407
ENERGIA,2249,ELECTRIFICADORA DEL CARIBE S.A. E.S.P.,SABANAS,1,10.3793570555,-74.706108524
ENERGIA,2249,ELECTRIFICADORA DEL CARIBE S.A. E.S.P.,SAN ANTONIO,1,9.17850641297,-74.2410182168
ENERGIA,2249,ELECTRIFICADORA DEL CARIBE S.A. E.S.P.,ZAWADY,1,10.9029203216,-74.153160328
ENERGIA,2249,ELECTRIFICADORA DEL CARIBE S.A. E.S.P.,SABANAS DE PEDRO,1,9.36045942016,-75.2081686612
ENERGIA,2249,ELECTRIFICADORA DEL CARIBE S.A. E.S.P.,LAS FLORES,1,8.533725234,-75.2027757141
ENERGIA,2249,ELECTRIFICADORA DEL CARIBE S.A. E.S.P.,RICAURTE (COLOSO),1,9.49419213204,-75.353257884
ENERGIA,2249,ELECTRIFICADORA DEL CARIBE S.A. E.S.P.,SAN ISIDRO,1,8.77617597925,-74.2750162858
ENERGIA,2249,ELECTRIFICADORA DEL CARIBE S.A. E.S.P.,SINCERIN,1,10.1440244731,-75.2756662602
ENERGIA,2249,ELECTRIFICADORA DEL CARIBE S.A. E.S.P.,SANTA PABLA,1,8.843857874,-74.465495966
ENERGIA,2249,ELECTRIFICADORA DEL CARIBE S.A. E.S.P.,REGIDOR,1,8.66625814425,-73.8216376256
ENERGIA,2249,ELECTRIFICADORA DEL CARIBE S.A. E.S.P.,MATA DE CA?A,1,9.07355627938,-75.827394294
ENERGIA,2249,ELECTRIFICADORA DEL CARIBE S.A. E.S.P.,MEDIO RANCHO,1,8.33485895746,-75.6251939661
ENERGIA,2249,ELECTRIFICADORA DEL CARIBE S.A. E.S.P.,EL JABO,1,10.4848994595,-73.1849595976
ENERGIA,2249,ELECTRIFICADORA DEL CARIBE S.A. E.S.P.,SANTA CLARA,1,8.90806310233,-76.0613034024
ENERGIA,2249,ELECTRIFICADORA DEL CARIBE S.A. E.S.P.,SEVERA,1,8.89141990092,-75.8837710026
ENERGIA,2249,ELECTRIFICADORA DEL CARIBE S.A. E.S.P.,SAN JUAN DE LA CRUZ,1,9.239653118,-75.492618199
ENERGIA,2249,ELECTRIFICADORA DEL CARIBE S.A. E.S.P.,ANAIME,1,11.2434589537,-73.0443198718
ENERGIA,2249,ELECTRIFICADORA DEL CARIBE S.A. E.S.P.,LOS HATICOS,1,10.7450933385,-73.0743872222
ENERGIA,2249,ELECTRIFICADORA DEL CARIBE S.A. E.S.P.,DO?A MARIA,1,10.3844786809,-74.1797046523
ENERGIA,2249,ELECTRIFICADORA DEL CARIBE S.A. E.S.P.,ESTACION SEVILLA,1,10.7636113072,-74.1568708054
ENERGIA,2249,ELECTRIFICADORA DEL CARIBE S.A. E.S.P.,LAS PALMITAS,1,8.84157801535,-75.3330583356
ENERGIA,2249,ELECTRIFICADORA DEL CARIBE S.A. E.S.P.,LA CONCEPCION,1,8.89300145075,-75.2124891602
ENERGIA,2249,ELECTRIFICADORA DEL CARIBE S.A. E.S.P.,SANTANDER,1,8.62544270964,-74.6319734746
ENERGIA,2249,ELECTRIFICADORA DEL CARIBE S.A. E.S.P.,SANTA INES DE PALITO,1,9.16741449946,-75.3080109075
ENERGIA,2249,ELECTRIFICADORA DEL CARIBE S.A. E.S.P.,PAJONAL,1,9.83989211073,-75.4809446497
ENERGIA,2249,ELECTRIFICADORA DEL CARIBE S.A. E.S.P.,LA GALLERA,1,9.23828036106,-75.4189938589
ENERGIA,2249,ELECTRIFICADORA DEL CARIBE S.A. E.S.P.,LAS TINAS,1,9.290150456,-75.326886854
ENERGIA,2249,ELECTRIFICADORA DEL CARIBE S.A. E.S.P.,TIERRA BOMBA,1,10.3772979772,-75.5745540305
ENERGIA,2249,ELECTRIFICADORA DEL CARIBE S.A. E.S.P.,?ANGUMA,1,10.0082894869,-75.4553918375
ENERGIA,2249,ELECTRIFICADORA DEL CARIBE S.A. E.S.P.,TENCHE,1,8.25759426657,-74.6658166387
ENERGIA,2249,ELECTRIFICADORA DEL CARIBE S.A. E.S.P.,SAN MARTIN DE LOBA,1,8.93709261013,-74.0390124624
ENERGIA,2249,ELECTRIFICADORA DEL CARIBE S.A. E.S.P.,SAN ANTONIO DEL TACHIRA,1,8.80747027877,-75.5610533927
ENERGIA,2249,ELECTRIFICADORA DEL CARIBE S.A. E.S.P.,SABANETA,1,9.29253596322,-75.6308757836
ENERGIA,2249,ELECTRIFICADORA DEL CARIBE S.A. E.S.P.,NUEVO PARAISO,1,8.22367978077,-75.6304293835
ENERGIA,2249,ELECTRIFICADORA DEL CARIBE S.A. E.S.P.,LA MESA - AZUCAR BUENA,1,10.4334527971,-73.3905617646
ENERGIA,2249,ELECTRIFICADORA DEL CARIBE S.A. E.S.P.,EL MAMEY,1,9.249133145,-73.617418439
ENERGIA,2249,ELECTRIFICADORA DEL CARIBE S.A. E.S.P.,SAN ISIDRO,1,8.57875524913,-75.893232872
ENERGIA,2249,ELECTRIFICADORA DEL CARIBE S.A. E.S.P.,TRES PIEDRAS,1,8.43997219475,-75.9508167716
ENERGIA,2249,ELECTRIFICADORA DEL CARIBE S.A. E.S.P.,CALLEMAR,1,8.66338298421,-75.6645124666
ENERGIA,2249,ELECTRIFICADORA DEL CARIBE S.A. E.S.P.,LA GRANJITA,1,8.45281851994,-75.5241437788
ENERGIA,2249,ELECTRIFICADORA DEL CARIBE S.A. E.S.P.,VILLA ESTER,1,9.06401513633,-76.1258276489
ENERGIA,2249,ELECTRIFICADORA DEL CARIBE S.A. E.S.P.,LAS MUJERES,1,8.92869817455,-76.1819725619
ENERGIA,2249,ELECTRIFICADORA DEL CARIBE S.A. E.S.P.,COLOMBOY,1,8.73716832496,-75.4954611686
ENERGIA,2249,ELECTRIFICADORA DEL CARIBE S.A. E.S.P.,NUEVA ESPERANZA,1,8.96767273723,-75.4526137879
ENERGIA,2249,ELECTRIFICADORA DEL CARIBE S.A. E.S.P.,CAMARONES,1,11.4235742919,-73.0632133248
ENERGIA,2249,ELECTRIFICADORA DEL CARIBE S.A. E.S.P.,LOS PONDORES,1,10.7282822074,-73.0063759622
ENERGIA,2249,ELECTRIFICADORA DEL CARIBE S.A. E.S.P.,MINCA,1,11.1422231006,-74.1178849199
ENERGIA,2249,ELECTRIFICADORA DEL CARIBE S.A. E.S.P.,HATOVIEJO,1,9.22893215139,-74.2234252368
ENERGIA,2249,ELECTRIFICADORA DEL CARIBE S.A. E.S.P.,PI?UELAS,1,10.4470247104,-74.4085221902
ENERGIA,2249,ELECTRIFICADORA DEL CARIBE S.A. E.S.P.,MONTERRUBIO,1,10.2347531007,-74.2744137416
ENERGIA,2249,ELECTRIFICADORA DEL CARIBE S.A. E.S.P.,SABANAS DE CALI,1,9.35058654687,-75.2869862461
ENERGIA,2249,ELECTRIFICADORA DEL CARIBE S.A. E.S.P.,SAN ANTONIO,1,9.28184537692,-75.4608558097
ENERGIA,2249,ELECTRIFICADORA DEL CARIBE S.A. E.S.P.,LAS TABLITAS,1,9.01536659928,-75.1754259754
